{
  "Alabama":[],
  "Alaska":[],
  "Arizona":[33.42176286918566, -112.02844445904576],
  "Arkansas":[36.336158580221834, -94.148174614836],
  "California":[38.36202287947824, -122.7191918119237,38.26658544141746, -122.0650083481674,37.63671960499058, -122.39398581325564,38.57179072298509, -121.3431077213748,37.71150201766414, -121.90131671945116,37.376712519906924, -121.9932681401081,36.80502707466565, -119.69442111798004,34.191255032490176, -118.92282743290356,34.168750470977535, -118.29754647224276,34.07506110934424, -117.53428400242528,33.85370524462406, -118.27998208482875,33.848177633166955, -117.86143805263194,33.695320669505115, -117.86481533039971,33.11744385360273, -117.27509018243701,34.08726496193075, -117.50747054484657,38.59080502897592, -121.16060618858644,35.419027153927885, -118.95275570061087,34.32365508302313, -118.48816364710162,36.839317144733414, -119.72662987786532],
  "Colorado":[39.023742327948355, -104.82314363176481,39.54416099122323, -105.04035009446781,39.66200566853811, -105.18669057124194,38.984437825989495, -104.43147583146781,39.82858838733249, -104.98465470292922,39.109461517993864, -108.49159618868171],
  "Connecticut":[41.488958999485924, -72.80712053552328,41.424241994221155, -72.21137957477121,41.03446861489546, -73.5589795893157,41.91943772816899, -73.0600567616793,41.47769359741307, -71.96293823016397,41.53876899801746, -72.99435956383124],
  "Florida":[28.460990093443204, -81.45397275973144,25.848440787067204, -80.32038982960239,26.04578635529795, -80.14843626514633,29.178668882717506, -81.07795401379131,27.975909478050912, -82.34196107840637,27.99510983329216, -82.73074433190048,28.67175882406272, -82.14922161402103,28.410877794657804, -81.37892284405244,27.605894460117113, -82.54169972886133,27.8150202627914, -82.6801238730146],
  "Georgia":[33.92996381501945, -84.12759241763698],
  "Idaho":[43.61421367468585, -116.36393687662486],
  "Illinois":[42.161246096147075, -87.93827349594596,41.92711917930068, -88.0515664747994],
  "Indiana":[39.953357079665416, -85.9928614752773],
  "Kentucky":[39.0118288522752, -84.6440091052988,38.203428522531844, -85.55039775267952],
  "Louisiana":[29.95746905451293, -90.18276203479607,30.426569549885887, -91.0750767579576],
  "Massachusetts":[42.552922775964916, -71.14012335180819],
  "Michigan":[42.83167568867891, -83.27327196715422,42.60140049711032, -83.04683124568884,42.49218720927011, -83.48118178757147,42.628126761364776, -82.89560126476808,43.17615249918474, -83.72370934646776,42.81061441450795, -85.67592399797638,42.32485767121568, -83.42018684639241],
  "Missouri":[36.645740711578426, -93.28659807246035,36.63986284561514, -93.28466412407784,36.64091898899646, -93.2659136853936,36.63952313684, -93.28393413832023,36.64571085351567, -93.28614960275978,38.96551957098874, -94.36033573314363,36.64520295433062, -93.28906704530405,39.24440407541495, -94.5882143774889,37.161143938610614, -93.29367850667438,38.52788257770462, -90.3661490305501]
  "Nevada":[36.11394497200684, -115.20017187280258],
  "New Jersey":[39.99606624016609, -74.99250966006139,40.69969387138825, -74.0730637996508],
  "New York":[40.74644098377303, -73.42510376435341,41.62642171388694, -73.92160727386099,43.06837146062473, -76.17139008074153],
  "North Carolina":[35.40372085675447, -80.7154143739951,36.05822757175072, -79.89311672934726],
  "Ohio":[40.902196306311794, -81.44699753030586,39.29063191818091, -84.4544891445756],
  "Oklahoma":[35.18700066767765, -97.48770484647774,35.550481911182764, -97.61626129668502,36.058014930719196, -95.8839670778938,35.45881812286383, -97.59861747168993,36.08800455464316, -96.05900310698941,35.73592859194771, -95.3853010441308,34.1635126366185, -94.756907730144],
  "Oregon":[44.08985964120094, -121.28483327203406,45.55760267774342, -122.9234237980276],
  "Pennsylvania":[40.1827654219701, -75.11919822499432,40.426383933285265, -79.79623731530386],
  "South Carolina":[33.82718700957039, -78.67710104536982],
  "Tennessee":[36.160463897331795, -86.76277453955629,35.159677232981245, -89.7977669472868],
  "Texas":[30.380425595692778, -97.72135309474002,29.44571145343469, -98.62925301131261,29.861692576572832, -95.54470408075383,32.9705233122947, -96.73756222654049,32.754155284503256, -97.06622615540304,29.412001151314552, -98.65161441572316,32.820129036213224, -96.63094335551547,33.011067975183735, -96.23608154481204,30.131712753848856, -97.64193334365342,31.907061209576703, -102.25103565921134,29.845058155774034, -95.64821307107357],
  "Utah":[40.55983743435085, -111.8714350764677],
  "Virginia":[37.51027387865075, -77.60187897097157],
  "Washington":[47.62987011877842, -122.13559084178387]
}
