{
  "Alabama":[],
  "Alaska":[],
  "Arizona":[33.42176286918566, -112.02844445904576],
  "Arkansas":[],
  "California":[38.36202287947824, -122.7191918119237,38.26658544141746, -122.0650083481674,37.63671960499058, -122.39398581325564,38.57179072298509, -121.3431077213748,37.71150201766414, -121.90131671945116,37.376712519906924, -121.9932681401081,36.80502707466565, -119.69442111798004,34.191255032490176, -118.92282743290356,34.168750470977535, -118.29754647224276,34.07506110934424, -117.53428400242528,33.85370524462406, -118.27998208482875,33.848177633166955, -117.86143805263194,33.695320669505115, -117.86481533039971,33.11744385360273, -117.27509018243701],
  "Colorado":[39.023742327948355, -104.82314363176481,39.54416099122323, -105.04035009446781,39.66200566853811, -105.18669057124194,38.984437825989495, -104.43147583146781,39.82858838733249, -104.98465470292922,39.109461517993864, -108.49159618868171],
  "Connecticut":[41.488958999485924, -72.80712053552328,41.424241994221155, -72.21137957477121,41.03446861489546, -73.5589795893157,41.91943772816899, -73.0600567616793,41.47769359741307, -71.96293823016397,41.53876899801746, -72.99435956383124],
  "Idaho":[43.61421367468585, -116.36393687662486],
  "New York":[40.74644098377303, -73.42510376435341,41.62642171388694, -73.92160727386099,43.06837146062473, -76.17139008074153],
  "Oregon":[44.08985964120094, -121.28483327203406,45.55760267774342, -122.9234237980276]
}
