{
  "Washington DC":[38.89912601206259, -77.0384122205544,38.897588643728454, -77.03658717027332,38.8898803892521, -77.00912560455548,39.64761988377332, -77.4683838935522],
  "Maryland":[39.02560387645585, -76.92343671010276],
  "New York":[41.78741212758712, -73.9375854207035,40.748440443955225, -73.98571804477471],
  "California":[34.06054754673085, -118.29805134281425,37.83652392958078, -122.3970917006907,37.35791252382104, -121.97655761402912],
  "Iowa":[41.874734775436764, -94.67872046790637],
  "Pennsylvania":[40.40111711084763, -79.91680535866932]
}
